<?xml version="1.0"?>

<assembly>

  <!-- The list of blocks being run in this Phoenix server. -->
  <!-- -->
  <!-- Each block element has a name attribute that is unique -->
  <!-- among the blocks. It also has a class attribute that -->
  <!-- specifies the class providing that block-->
  <!-- -->
  <!-- The block element may have one or more provide sub-elements. -->
  <!-- Each provide element represents another block on which this -->
  <!-- block depends.  Phoenix will calculate a dependency chain when it -->
  <!-- reads this file, and will load and start the blocks in the order -->
  <!-- specified by that chain.  Each provide element has a name attribute, -->
  <!-- which matches the name of a block defined in this file.  It also -->
  <!-- has a role attribute.  This attribute is the string by which the -->
  <!-- enclosing block will identify the required block. -->
  <!-- -->

  <!-- The James block  -->
  <block name="James" class="org.apache.james.James" >

    <!-- Specify which components will provide the services required by this
    block. The roles are specified in the code and the .xinfo file. The names
    here must match the names specified for a Block in this xml file.   -->
    <provide name="dnsserver" role="org.apache.james.services.DNSServer"/>
    <provide name="mailstore" role="org.apache.james.services.MailStore"/>
    <provide name="users-store" role="org.apache.james.services.UsersStore"/>
    <provide name="sockets"
             role="org.apache.avalon.cornerstone.services.sockets.SocketManager"/>
    <provide name="connections"
             role="org.apache.james.services.JamesConnectionManager"/>
    <provide name="scheduler"
             role="org.apache.avalon.cornerstone.services.scheduler.TimeScheduler"/>
    <provide name="database-connections"
             role="org.apache.avalon.cornerstone.services.datasource.DataSourceSelector" />
  </block>

  <!-- The James Spool Manager block  -->
  <block name="spoolmanager" class="org.apache.james.transport.JamesSpoolManager" >
    <provide name="James" role="org.apache.mailet.MailetContext"/>
    <provide name="mailstore" role="org.apache.james.services.MailStore"/>
    <provide name="thread-manager"
             role="org.apache.avalon.cornerstone.services.threads.ThreadManager" />
  </block>

  <block name="dnsserver" class="org.apache.james.dnsserver.DNSServer" />

  <block name="remotemanager" class="org.apache.james.remotemanager.RemoteManager" >
    <provide name="mailstore" role="org.apache.james.services.MailStore"/>
    <provide name="users-store" role="org.apache.james.services.UsersStore"/>
    <provide name="sockets"
             role="org.apache.avalon.cornerstone.services.sockets.SocketManager"/>
    <provide name="connections"
             role="org.apache.james.services.JamesConnectionManager"/>
    <provide name="James" role="org.apache.james.services.MailServer"/>
    <provide name="thread-manager"
             role="org.apache.avalon.cornerstone.services.threads.ThreadManager" />
  </block>

  <!-- POP3 Server -->
  <block name="pop3server" class="org.apache.james.pop3server.POP3Server" >
    <provide name="mailstore" role="org.apache.james.services.MailStore"/>
    <provide name="users-store" role="org.apache.james.services.UsersStore"/>
    <provide name="sockets"
             role="org.apache.avalon.cornerstone.services.sockets.SocketManager"/>
    <provide name="connections"
             role="org.apache.james.services.JamesConnectionManager"/>
    <provide name="James" role="org.apache.james.services.MailServer"/>
    <provide name="thread-manager"
             role="org.apache.avalon.cornerstone.services.threads.ThreadManager" />
  </block>

  <!-- SMTP Server -->
  <block name="smtpserver" class="org.apache.james.smtpserver.SMTPServer" >
    <provide name="James" role="org.apache.mailet.MailetContext"/>
    <provide name="mailstore" role="org.apache.james.services.MailStore"/>
    <provide name="users-store" role="org.apache.james.services.UsersStore"/>
    <provide name="sockets"
             role="org.apache.avalon.cornerstone.services.sockets.SocketManager"/>
    <provide name="connections"
             role="org.apache.james.services.JamesConnectionManager"/>
    <provide name="James" role="org.apache.james.services.MailServer"/>
    <provide name="thread-manager"
             role="org.apache.avalon.cornerstone.services.threads.ThreadManager" />
  </block>

  <!-- NNTP Server -->
  <block name="nntpserver" class="org.apache.james.nntpserver.NNTPServer" >
    <provide name="users-store" role="org.apache.james.services.UsersStore"/>
    <provide name="sockets"
             role="org.apache.avalon.cornerstone.services.sockets.SocketManager"/>
    <provide name="connections"
             role="org.apache.james.services.JamesConnectionManager"/>
    <provide name="nntp-repository"
             role="org.apache.james.nntpserver.repository.NNTPRepository"/>
    <provide name="thread-manager"
             role="org.apache.avalon.cornerstone.services.threads.ThreadManager" />
  </block>

  <!-- NNTP Repository -->
  <block name="nntp-repository" class="org.apache.james.nntpserver.repository.NNTPRepositoryImpl" />

  <!-- FetchPOP Service -->
  <block name="fetchpop" class="org.apache.james.fetchpop.FetchScheduler" >
    <provide name="scheduler"
             role="org.apache.avalon.cornerstone.services.scheduler.TimeScheduler"/> 
    <provide name="James" role="org.apache.james.services.MailServer"/>      
  </block>
  
  <!-- FetchMail Service -->
  <block name="fetchmail" class="org.apache.james.fetchmail.FetchScheduler" >
    <provide name="scheduler"
             role="org.apache.avalon.cornerstone.services.scheduler.TimeScheduler"/> 
    <provide name="James" role="org.apache.james.services.MailServer"/>
    <provide name="users-store" role="org.apache.james.services.UsersStore"/>          
  </block>   

  <!-- The High Level Storage block -->
  <block name="mailstore" class="org.apache.james.core.AvalonMailStore" >
    <provide name="objectstorage"
             role="org.apache.avalon.cornerstone.services.store.Store"/>
    <provide name="database-connections"
             role="org.apache.avalon.cornerstone.services.datasource.DataSourceSelector" />
  </block>

  <!-- The User Storage block -->
  <block name="users-store" class="org.apache.james.core.AvalonUsersStore" >
    <!-- Configure file based user store here, defaults should be fine -->
    <provide name="objectstorage"
             role="org.apache.avalon.cornerstone.services.store.Store"/>
    <provide name="database-connections"
             role="org.apache.avalon.cornerstone.services.datasource.DataSourceSelector" />
  </block>


  <!-- Configuration for Cornerstone Blocks only after here
       NOTHING BELOW THIS SHOULD NEED CHANGING,
       (unless you want secure sockets (TLS)) -->

  <!-- The Storage block -->
  <block name="objectstorage"
         class="org.apache.avalon.cornerstone.blocks.masterstore.RepositoryManager" />

  <!-- The Connection Manager block -->
  <block name="connections"
         class="org.apache.james.util.connection.SimpleConnectionManager" >
    <provide name="thread-manager"
             role="org.apache.avalon.cornerstone.services.threads.ThreadManager" />
  </block>

  <!-- The Socket Manager block -->
  <block name="sockets"
         class="org.apache.avalon.cornerstone.blocks.sockets.DefaultSocketManager"/>

  <!-- The Time Scheduler block -->
  <block name="scheduler"
         class="org.apache.avalon.cornerstone.blocks.scheduler.DefaultTimeScheduler" >
    <provide name="thread-manager"
             role="org.apache.avalon.cornerstone.services.threads.ThreadManager" />
  </block>

  <!-- The DataSourceSelector block -->
  <block name="database-connections"
         class="org.apache.avalon.cornerstone.blocks.datasource.DefaultDataSourceSelector" />

  <!-- The ThreadManager block -->
  <block name="thread-manager"
         class="org.apache.james.util.thread.DefaultThreadManager" />

</assembly>
