    <!--
        See http://james.apache.org/fetchmail_configuration_2_2.html"
    --> 
    <fetchmail enabled="false">
        <fetch name="external.domain.com">
            <accounts>
                <alllocal
                    userprefix=""
                    usersuffix="@external.domain.com" 
                    password="password" 
                    recipientprefix=""
                    recipientsuffix="@localhost"                    
                    ignorercpt-header="true"/>                                                                                  
            </accounts>
            
            <recipientnotfound 
                defer="false" 
                reject="true" 
                leaveonserver="true" 
                markseen="true"/>           

            <host>pop.server.com</host>

            <interval>600000</interval>

            <javaMailProviderName>pop3</javaMailProviderName>

            <javaMailFolderName>INBOX</javaMailFolderName>        

            <fetchall>false</fetchall>

            <recursesubfolders>false</recursesubfolders>
            
            <fetched 
                leaveonserver="false" 
                markseen="true"/>
                
            <undeliverable 
                leaveonserver="true" 
                markseen="true"/>
                
            <blacklist 
                reject="true" 
                leaveonserver="false" 
                markseen="false">
                wibble@localhost, flobble@localhost 
            </blacklist>
                                                        
            <userundefined 
                reject="true" 
                leaveonserver="true" 
                markseen="true"/>
                        
            <remoterecipient 
                reject="true" 
                leaveonserver="true" 
                markseen="true"/>
        </fetch>
    </fetchmail>        
